{"type":"Topology","arcs":[[[813,642],[-17,-29],[-22,-61],[-20,-27],[-28,-22],[-51,-15],[-65,-86],[-35,-11],[-28,-33],[-27,55],[-14,-1],[-23,-68],[-9,-40],[-3,-90],[-6,-48],[-31,-80],[-5,-29],[-35,-4],[-53,-31],[-65,-22],[-14,2],[-30,58],[-19,19]],[[213,79],[4,75],[16,55],[18,0],[16,45],[33,15],[-10,29],[29,26],[43,80],[0,48],[-76,27],[-18,26],[3,40],[-29,37],[6,36],[31,11],[18,-36],[28,78],[-12,22],[15,33],[29,13],[4,31],[64,13],[59,29],[-7,-66],[1,-142],[22,-68],[18,60],[32,6],[13,29],[30,35],[10,24]],[[603,690],[31,-6],[47,82],[14,11],[45,-29],[29,-68],[71,-16]],[[840,664],[-27,-22]],[[213,79],[-20,3],[-42,-18],[-30,7],[-25,-20],[-90,9],[-6,22],[28,59],[26,13],[31,55],[33,100],[5,55],[-24,46],[25,23],[17,35],[21,81],[7,98],[28,64],[-4,24],[58,61],[30,42],[31,137]],[[312,975],[40,-4],[28,-20],[45,-7],[70,24],[21,25],[43,13],[8,-22],[-3,-69],[22,-33],[-6,-52]],[[580,830],[6,-67],[17,-73]],[[868,686],[-28,-22]],[[580,830],[28,53],[16,88],[20,66],[65,134],[32,47],[-18,24],[30,60],[32,0],[8,37],[-37,36],[73,119],[25,64],[64,83],[12,9],[32,64],[51,137],[4,112],[10,42]],[[1027,2005],[36,12],[24,53],[8,64],[42,72],[35,49],[12,59],[54,73],[31,86],[-4,27],[31,72],[50,51],[41,16]],[[1387,2639],[102,-2],[14,-7],[19,-53],[67,-60],[25,-33],[-17,-95],[9,-30],[36,-64],[24,-5],[3,-38],[-19,-44],[12,-61],[34,-55],[-32,-49],[-26,-58],[-50,-59],[-23,-37],[-14,-64],[-34,-14],[-38,14],[-23,-16],[-37,-64],[-46,-53],[-32,-62],[-25,-68],[17,-35],[33,-34],[44,-11],[20,-15],[2,-39],[-13,-23],[-23,-6],[-42,15],[-58,38],[-36,-3],[-34,-33],[-24,0],[-31,38],[-41,-35],[-59,-29],[-26,-58],[-37,-43],[-53,-109],[0,-51],[-25,-21],[-3,-40],[39,-18],[64,-40],[28,-41],[-4,-33],[-17,-27],[-45,-35],[-53,-11],[-12,-23],[15,-39],[-18,-58],[-56,-57]],[[1027,2005],[-32,7],[-58,37],[-17,-21],[-29,10],[-45,40],[-58,-9],[-69,0],[-74,51],[-30,5]],[[615,2125],[9,123],[13,47],[27,32],[19,-21],[18,37],[33,97],[62,46],[20,36],[-21,44],[111,35],[90,111],[6,26],[2,86],[-11,70],[-12,21],[33,-9],[44,-31],[83,4],[50,-6],[25,15],[26,-20],[68,5],[22,22],[8,68],[23,22],[17,-16],[26,-64],[24,-28],[26,-13],[55,13],[-4,-57],[-37,11],[-16,-14],[-6,-77],[-53,-46],[-19,-27],[11,-28]],[[505,1555],[27,7],[24,64],[1,26],[23,62],[26,3],[-12,46],[0,44],[18,81],[6,56],[-20,62],[-4,88],[21,31]],[[312,975],[38,132],[13,75],[18,38],[44,148],[7,112]],[[432,1480],[36,-6],[24,19],[13,62]],[[432,1480],[-15,67],[34,17],[19,-15],[35,6]]],"transform":{"scale":[0.0008867924528302,0.0005467336683417102],"translate":[35.099999999999994,33.056]},"objects":{"units":{"type":"GeometryCollection","geometries":[{"arcs":[[0,1,2,3]],"type":"Polygon","properties":{"name":"An Nabatiyah","fips":"LE07"}},{"arcs":[[4,5,6,-2]],"type":"Polygon","properties":{"name":"South Lebanon","fips":"LE06"}},{"arcs":[[7,-3,-7,8,9,10]],"type":"Polygon","properties":{"name":"Beqaa","fips":"LE08"}},{"arcs":[[-10,11,12]],"type":"Polygon","properties":{"name":"North Lebanon","fips":"LE09"}},{"arcs":[[13,-12,-9,-6,14,15]],"type":"Polygon","properties":{"name":"Mount Lebanon","fips":"LE05"}},{"arcs":[[16,-16]],"type":"Polygon","properties":{"name":"Beirut","fips":"LE04"}}]}}}